<?xml version="1.0" encoding="UTF-8"?>
<?xml-stylesheet type="text/xsl" href="template\siteStyleSelectors_list.xsl"?>
<SiteStyle css="Style.css"><Group id="Other Selectors"><Selector id="html"/><Selector id="BODY"/><Selector id="P"/><Selector id=".TextObject"/><Selector id=".TextNavBar"/><Selector id="A:visited"/><Selector id="A:active"/><Selector id="H1"/><Selector id="H2"/><Selector id="H3"/><Selector id="UL"/><Selector id="OL"/><Selector id=".ui-accordion"/><Selector id=".ui-accordion a"/><Selector id="div.ui-accordion.selected a.head.selected "/><Selector id=".ui-accordion a.head"/><Selector id=".ui-accordion .ui-accordion-panel a"/><Selector id=".ui-tabs-panel"/><Selector id=".ui-tabs-nav a"/><Selector id=".ui-tabs-nav .ui-tabs-selected a"/><Selector id=".ui-tabs-nav a span "/><Selector id=".ui-tabs-nav a:hover span"/><Selector id=".ui-tabs-nav a:hover"/><Selector id="div.TogglePaneFancyHeader"/><Selector id="div.TogglePaneFancyHeaderClosed"/><Selector id="div.TogglePanePlainContent"/><Selector id="A:hover"/><Selector id=".jcarousel-skin-nof .jcarousel-next-horizontal"/><Selector id=".jcarousel-skin-nof .jcarousel-direction-rtl .jcarousel-next-horizontal"/><Selector id=".jcarousel-skin-nof .jcarousel-prev-horizontal"/><Selector id=".jcarousel-skin-nof .jcarousel-direction-rtl .jcarousel-prev-horizontal"/><Selector id=".jcarousel-skin-nof .jcarousel-next-vertical"/><Selector id=".jcarousel-skin-nof .jcarousel-prev-vertical"/><Selector id="A"/><Selector id="H4"/><Selector id="H5"/><Selector id="H6"/></Group></SiteStyle>
